SRC_ID,DST_ID,TRACE_IDX,TX_ANTENNA_ID1,TX_SECTOR_ID1,TX_AWV_ID1,TX_ANTENNA_ID2,TX_SECTOR_ID2,TX_AWV_ID2,TX_ANTENNA_ID3,TX_SECTOR_ID3,TX_AWV_ID3,TX_ANTENNA_ID4,TX_SECTOR_ID4,TX_AWV_ID4,RX_ANTENNA_ID1,RX_SECTOR_ID1,RX_AWV_ID1,RX_ANTENNA_ID2,RX_SECTOR_ID2,RX_AWV_ID2,RX_ANTENNA_ID3,RX_SECTOR_ID3,RX_AWV_ID3,RX_ANTENNA_ID4,RX_SECTOR_ID4,RX_AWV_ID4,CAPACITY,BTRAIN
1,2,205287,1,108,255,2,118,255,3,109,255,4,117,255,1,139,255,2,138,255,3,124,255,4,133,255,14.7456167490674,1
1,2,205288,1,108,255,2,118,255,3,109,255,4,117,255,1,139,255,2,138,255,3,124,255,4,133,255,15.1367407999158,0
1,2,205289,1,109,255,2,118,255,3,108,255,4,117,255,1,124,255,2,138,255,3,139,255,4,133,255,14.9336183668718,0
1,2,205290,1,108,255,2,118,255,3,124,255,4,117,255,1,124,255,2,139,255,3,140,255,4,117,255,15.2048261775908,0
1,2,205291,1,108,255,2,118,255,3,124,255,4,117,255,1,124,255,2,139,255,3,125,255,4,117,255,15.6339505488155,0
1,2,205292,1,108,255,2,101,255,3,124,255,4,118,255,1,124,255,2,139,255,3,125,255,4,117,255,16.3028173652186,0
1,2,205293,1,108,255,2,101,255,3,124,255,4,118,255,1,124,255,2,139,255,3,125,255,4,117,255,16.4163867656974,0
1,2,205294,1,108,255,2,101,255,3,124,255,4,118,255,1,125,255,2,139,255,3,124,255,4,118,255,15.3112580729504,0
1,2,205295,1,108,255,2,118,255,3,124,255,4,101,255,1,124,255,2,139,255,3,125,255,4,118,255,14.7053077165788,0
1,2,205296,1,108,255,2,118,255,3,124,255,4,101,255,1,125,255,2,139,255,3,124,255,4,118,255,14.182356793537,0
1,2,205297,1,108,255,2,118,255,3,124,255,4,101,255,1,125,255,2,139,255,3,140,255,4,117,255,13.3149164668841,0
1,2,205298,1,108,255,2,101,255,3,124,255,4,118,255,1,140,255,2,139,255,3,125,255,4,117,255,12.0761729221967,0
1,2,205299,1,108,255,2,118,255,3,124,255,4,101,255,1,125,255,2,139,255,3,140,255,4,117,255,12.4749181812565,0
1,2,205300,1,124,255,2,118,255,3,108,255,4,117,255,1,141,255,2,139,255,3,140,255,4,117,255,11.5454759426218,0
1,2,205301,1,108,255,2,118,255,3,124,255,4,100,255,1,125,255,2,139,255,3,140,255,4,133,255,11.7492408324059,0
1,2,205302,1,124,255,2,118,255,3,125,255,4,99,255,1,125,255,2,139,255,3,141,255,4,133,255,11.5719317848352,0
1,2,205303,1,124,255,2,118,255,3,125,255,4,99,255,1,125,255,2,140,255,3,142,255,4,133,255,11.1252236898469,0
1,2,205304,1,124,255,2,118,255,3,125,255,4,99,255,1,125,255,2,140,255,3,126,255,4,133,255,11.6517576443207,0
1,2,205305,1,124,255,2,118,255,3,108,255,4,99,255,1,125,255,2,140,255,3,126,255,4,133,255,12.1458787342162,0
1,2,205306,1,125,255,2,117,255,3,124,255,4,99,255,1,126,255,2,140,255,3,125,255,4,133,255,11.8165949046668,0
1,2,205307,1,125,255,2,117,255,3,124,255,4,99,255,1,125,255,2,140,255,3,126,255,4,133,255,11.3309894636485,0
1,2,205308,1,124,255,2,117,255,3,125,255,4,99,255,1,125,255,2,140,255,3,126,255,4,133,255,12.7522061893904,0
1,2,205309,1,125,255,2,117,255,3,124,255,4,99,255,1,125,255,2,140,255,3,126,255,4,133,255,13.0133580394128,0
1,2,205310,1,124,255,2,117,255,3,125,255,4,99,255,1,125,255,2,140,255,3,126,255,4,133,255,13.0803911730157,0
1,2,205311,1,125,255,2,117,255,3,124,255,4,99,255,1,126,255,2,140,255,3,125,255,4,133,255,13.3487672615391,0
1,2,205312,1,124,255,2,117,255,3,125,255,4,99,255,1,125,255,2,140,255,3,126,255,4,133,255,13.5040362355801,0
1,2,205313,1,125,255,2,117,255,3,124,255,4,99,255,1,125,255,2,140,255,3,126,255,4,133,255,13.6026694293657,0
1,2,205314,1,124,255,2,117,255,3,125,255,4,99,255,1,126,255,2,140,255,3,125,255,4,133,255,13.5168881638085,0
1,2,205315,1,125,255,2,117,255,3,124,255,4,99,255,1,125,255,2,140,255,3,126,255,4,133,255,13.1559792676505,0
1,2,205316,1,125,255,2,101,255,3,124,255,4,99,255,1,125,255,2,140,255,3,126,255,4,133,255,13.6681584263484,0
1,2,205317,1,124,255,2,101,255,3,125,255,4,99,255,1,125,255,2,140,255,3,126,255,4,133,255,14.6742956591875,0
1,2,205318,1,125,255,2,101,255,3,124,255,4,99,255,1,125,255,2,140,255,3,141,255,4,133,255,15.1592514833264,0
1,2,205319,1,125,255,2,101,255,3,124,255,4,99,255,1,125,255,2,140,255,3,141,255,4,133,255,15.0845551400644,0
1,2,205320,1,125,255,2,101,255,3,124,255,4,99,255,1,141,255,2,140,255,3,125,255,4,133,255,14.6572462874926,0
1,2,205321,1,125,255,2,101,255,3,124,255,4,99,255,1,141,255,2,140,255,3,125,255,4,132,255,14.7290343414718,0
1,2,205322,1,124,255,2,101,255,3,125,255,4,98,255,1,125,255,2,140,255,3,141,255,4,132,255,13.9357494705386,0
1,2,205323,1,124,255,2,101,255,3,125,255,4,98,255,1,125,255,2,140,255,3,141,255,4,132,255,13.8648188877819,0
1,2,205324,1,124,255,2,101,255,3,125,255,4,98,255,1,126,255,2,140,255,3,141,255,4,132,255,14.0241610544376,0
1,2,205325,1,124,255,2,101,255,3,125,255,4,98,255,1,126,255,2,140,255,3,141,255,4,132,255,13.3978982927182,0
1,2,205326,1,124,255,2,101,255,3,125,255,4,98,255,1,126,255,2,140,255,3,141,255,4,132,255,13.5895532481934,0
1,2,205327,1,125,255,2,100,255,3,124,255,4,97,255,1,141,255,2,140,255,3,126,255,4,132,255,13.3269323358406,0
1,2,205328,1,125,255,2,100,255,3,124,255,4,98,255,1,141,255,2,140,255,3,126,255,4,131,255,13.7617475740782,0
1,2,205329,1,125,255,2,100,255,3,109,255,4,97,255,1,126,255,2,140,255,3,141,255,4,132,255,13.4448488855417,0
1,2,205330,1,126,255,2,100,255,3,125,255,4,97,255,1,126,255,2,140,255,3,141,255,4,131,255,13.3254842536522,0
1,2,205331,1,125,255,2,100,255,3,126,255,4,97,255,1,141,255,2,140,255,3,126,255,4,131,255,13.9520997320067,0
1,2,205332,1,125,255,2,100,255,3,110,255,4,98,255,1,141,255,2,140,255,3,142,255,4,131,255,13.6840941726673,0
1,2,205333,1,125,255,2,100,255,3,110,255,4,81,255,1,141,255,2,124,255,3,142,255,4,131,255,13.7687175563608,0
1,2,205334,1,125,255,2,100,255,3,126,255,4,81,255,1,142,255,2,124,255,3,141,255,4,131,255,14.1471260876192,0
1,2,205335,1,125,255,2,100,255,3,126,255,4,81,255,1,141,255,2,124,255,3,142,255,4,131,255,14.1903054679948,0
1,2,205336,1,125,255,2,100,255,3,110,255,4,98,255,1,141,255,2,124,255,3,142,255,4,131,255,14.1835978261706,0
1,2,205337,1,110,255,2,100,255,3,125,255,4,98,255,1,142,255,2,141,255,3,125,255,4,131,255,16.4488487526043,0
1,2,205338,1,125,255,2,99,255,3,110,255,4,81,255,1,125,255,2,141,255,3,142,255,4,131,255,16.9449343003855,0
1,2,205339,1,125,255,2,99,255,3,110,255,4,81,255,1,141,255,2,125,255,3,142,255,4,131,255,16.8587895875315,0
1,2,205340,1,109,255,2,99,255,3,125,255,4,81,255,1,142,255,2,125,255,3,126,255,4,131,255,16.5116492490514,0
1,2,205341,1,124,255,2,99,255,3,125,255,4,81,255,1,142,255,2,125,255,3,126,255,4,131,255,16.6453633963771,0
1,2,205342,1,124,255,2,99,255,3,125,255,4,81,255,1,142,255,2,125,255,3,126,255,4,131,255,16.1159294522311,0
1,2,205343,1,125,255,2,99,255,3,124,255,4,81,255,1,142,255,2,126,255,3,143,255,4,131,255,16.5646704096696,0
1,2,205344,1,124,255,2,99,255,3,125,255,4,82,255,1,143,255,2,125,255,3,142,255,4,115,255,16.2182675544056,0
1,2,205345,1,125,255,2,99,255,3,124,255,4,81,255,1,142,255,2,125,255,3,143,255,4,115,255,16.3641112444916,0
1,2,205346,1,125,255,2,99,255,3,124,255,4,81,255,1,142,255,2,125,255,3,143,255,4,115,255,15.4492775040909,0
1,2,205347,1,124,255,2,99,255,3,125,255,4,81,255,1,143,255,2,125,255,3,142,255,4,115,255,14.8980968558179,0
1,2,205348,1,124,255,2,99,255,3,125,255,4,81,255,1,143,255,2,126,255,3,142,255,4,115,255,14.979458529549,0
1,2,205349,1,125,255,2,99,255,3,124,255,4,81,255,1,143,255,2,126,255,3,142,255,4,115,255,14.7936236063273,0
1,2,205350,1,109,255,2,99,255,3,125,255,4,81,255,1,142,255,2,126,255,3,143,255,4,115,255,14.3429963830908,0
1,2,205351,1,124,255,2,99,255,3,125,255,4,81,255,1,142,255,2,126,255,3,143,255,4,115,255,13.4073503308689,0
1,2,205352,1,109,255,2,99,255,3,124,255,4,81,255,1,142,255,2,125,255,3,143,255,4,115,255,13.0275939764108,0
1,2,205353,1,109,255,2,99,255,3,124,255,4,81,255,1,142,255,2,125,255,3,143,255,4,115,255,13.1647806326177,0
1,2,205354,1,109,255,2,99,255,3,124,255,4,81,255,1,142,255,2,125,255,3,143,255,4,115,255,13.1889352503451,0
1,2,205355,1,109,255,2,99,255,3,124,255,4,81,255,1,142,255,2,125,255,3,143,255,4,115,255,13.2349458466533,0
1,2,205356,1,109,255,2,99,255,3,124,255,4,81,255,1,142,255,2,141,255,3,143,255,4,115,255,13.8673698613226,0
1,2,205357,1,109,255,2,99,255,3,124,255,4,81,255,1,142,255,2,141,255,3,143,255,4,115,255,13.7356114296582,0
1,2,205358,1,109,255,2,99,255,3,125,255,4,81,255,1,143,255,2,141,255,3,142,255,4,115,255,13.6962375359475,0
1,2,205359,1,125,255,2,99,255,3,126,255,4,81,255,1,143,255,2,141,255,3,142,255,4,115,255,13.2644247135848,0
1,2,205360,1,126,255,2,99,255,3,109,255,4,81,255,1,143,255,2,141,255,3,142,255,4,115,255,13.5252692623757,0
1,2,205361,1,109,255,2,99,255,3,126,255,4,81,255,1,142,255,2,141,255,3,143,255,4,115,255,13.6419208065398,0
1,2,205362,1,109,255,2,99,255,3,126,255,4,81,255,1,142,255,2,126,255,3,143,255,4,115,255,13.8776024672944,0
1,2,205363,1,126,255,2,115,255,3,110,255,4,81,255,1,143,255,2,141,255,3,142,255,4,115,255,13.9601570081737,0
1,2,205364,1,126,255,2,99,255,3,127,255,4,81,255,1,142,255,2,125,255,3,126,255,4,115,255,14.6286958212317,0
1,2,205365,1,127,255,2,99,255,3,126,255,4,82,255,1,143,255,2,126,255,3,142,255,4,115,255,15.0918890259249,0
1,2,205366,1,127,255,2,115,255,3,111,255,4,81,255,1,143,255,2,141,255,3,142,255,4,115,255,15.095705711268,0
1,2,205367,1,128,255,2,99,255,3,127,255,4,82,255,1,142,255,2,125,255,3,143,255,4,115,255,15.15067893625,0
1,2,205368,1,127,255,2,99,255,3,128,255,4,82,255,1,142,255,2,126,255,3,143,255,4,115,255,14.6931748565127,0
1,2,205369,1,112,255,2,115,255,3,111,255,4,82,255,1,143,255,2,141,255,3,142,255,4,131,255,14.4064679613634,0
1,2,205370,1,112,255,2,98,255,3,128,255,4,81,255,1,142,255,2,141,255,3,143,255,4,131,255,13.5834939390987,0
1,2,205371,1,97,255,2,115,255,3,112,255,4,81,255,1,143,255,2,141,255,3,142,255,4,131,255,13.839602456459,0
1,2,205372,1,97,255,2,115,255,3,112,255,4,98,255,1,142,255,2,141,255,3,143,255,4,130,255,12.3728230551794,0
1,2,205373,1,97,255,2,98,255,3,112,255,4,115,255,1,142,255,2,141,255,3,143,255,4,129,255,11.6877602265957,0
1,2,205374,1,113,255,2,98,255,3,128,255,4,99,255,1,143,255,2,126,255,3,142,255,4,113,255,12.8280540844086,0
1,2,205375,1,113,255,2,99,255,3,128,255,4,98,255,1,142,255,2,126,255,3,143,255,4,113,255,13.5401830117675,0
1,2,205376,1,113,255,2,99,255,3,128,255,4,98,255,1,142,255,2,126,255,3,143,255,4,144,255,13.681142160518,0
1,2,205377,1,113,255,2,98,255,3,128,255,4,99,255,1,142,255,2,141,255,3,143,255,4,127,255,13.4586307563104,0
1,2,205378,1,128,255,2,114,255,3,97,255,4,99,255,1,142,255,2,141,255,3,126,255,4,127,255,13.204876805652,0
1,2,205379,1,128,255,2,113,255,3,97,255,4,99,255,1,142,255,2,141,255,3,126,255,4,127,255,14.995148784784,0
1,2,205380,1,113,255,2,98,255,3,128,255,4,99,255,1,142,255,2,126,255,3,141,255,4,127,255,15.0002290060084,0
1,2,205381,1,97,255,2,115,255,3,113,255,4,99,255,1,126,255,2,141,255,3,142,255,4,127,255,15.2766488763199,0
1,2,205382,1,113,255,2,114,255,3,97,255,4,99,255,1,142,255,2,141,255,3,127,255,4,128,255,15.3958254485803,0
1,2,205383,1,97,255,2,114,255,3,113,255,4,99,255,1,127,255,2,141,255,3,142,255,4,128,255,15.6729409223532,0
1,2,205384,1,97,255,2,113,255,3,112,255,4,99,255,1,127,255,2,142,255,3,126,255,4,113,255,13.6776527421168,0
1,2,205385,1,113,255,2,114,255,3,97,255,4,99,255,1,142,255,2,141,255,3,127,255,4,128,255,15.1945545664893,0
1,2,205386,1,128,255,2,113,255,3,97,255,4,99,255,1,142,255,2,141,255,3,126,255,4,128,255,15.1845948544501,0
1,2,205387,1,113,255,2,98,255,3,128,255,4,99,255,1,142,255,2,126,255,3,143,255,4,128,255,15.2493781257441,0
1,2,205388,1,113,255,2,99,255,3,128,255,4,98,255,1,142,255,2,127,255,3,143,255,4,128,255,15.39611010047,0
1,2,205389,1,128,255,2,98,255,3,113,255,4,99,255,1,142,255,2,127,255,3,143,255,4,128,255,15.5762891952795,0
1,2,205390,1,97,255,2,115,255,3,112,255,4,99,255,1,127,255,2,142,255,3,143,255,4,113,255,14.680524509776,0
1,2,205391,1,113,255,2,114,255,3,97,255,4,99,255,1,142,255,2,141,255,3,127,255,4,128,255,16.1752167441022,0
1,2,205392,1,113,255,2,114,255,3,97,255,4,99,255,1,142,255,2,141,255,3,126,255,4,113,255,16.9990149287415,0
1,2,205393,1,97,255,2,115,255,3,113,255,4,99,255,1,126,255,2,141,255,3,142,255,4,128,255,16.8675014224814,0
1,2,205394,1,112,255,2,114,255,3,97,255,4,82,255,1,126,255,2,141,255,3,143,255,4,113,255,17.0789359251097,0
1,2,205395,1,97,255,2,115,255,3,112,255,4,99,255,1,127,255,2,141,255,3,142,255,4,128,255,17.0947418179725,0
1,2,205396,1,112,255,2,114,255,3,97,255,4,82,255,1,126,255,2,141,255,3,143,255,4,113,255,17.3434819678378,0
1,2,205397,1,97,255,2,114,255,3,81,255,4,99,255,1,143,255,2,141,255,3,126,255,4,113,255,17.3350329242937,0
1,2,205398,1,98,255,2,114,255,3,82,255,4,99,255,1,143,255,2,141,255,3,126,255,4,113,255,18.637890571158,0
1,2,205399,1,99,255,2,115,255,3,98,255,4,114,255,1,142,255,2,125,255,3,127,255,4,113,255,17.0914679752927,0
1,2,205400,1,98,255,2,115,255,3,99,255,4,113,255,1,142,255,2,125,255,3,127,255,4,113,255,17.361086673621,0
1,2,205401,1,98,255,2,115,255,3,99,255,4,128,255,1,126,255,2,125,255,3,142,255,4,113,255,16.5231727221394,0
1,2,205402,1,99,255,2,100,255,3,115,255,4,113,255,1,126,255,2,141,255,3,125,255,4,129,255,15.9936600757576,0
1,2,205403,1,115,255,2,99,255,3,100,255,4,113,255,1,125,255,2,141,255,3,126,255,4,130,255,15.556070834337,0
1,2,205404,1,100,255,2,115,255,3,99,255,4,128,255,1,125,255,2,141,255,3,126,255,4,131,255,15.8592728215143,0
1,2,205405,1,99,255,2,100,255,3,116,255,4,128,255,1,126,255,2,141,255,3,125,255,4,131,255,15.0245094448857,0
1,2,205406,1,100,255,2,99,255,3,116,255,4,128,255,1,126,255,2,141,255,3,125,255,4,131,255,15.1610692929764,0
1,2,205407,1,99,255,2,100,255,3,116,255,4,128,255,1,141,255,2,126,255,3,125,255,4,132,255,14.3993131841498,0
1,2,205408,1,100,255,2,99,255,3,116,255,4,128,255,1,141,255,2,126,255,3,125,255,4,132,255,14.3059626942066,0
1,2,205409,1,100,255,2,99,255,3,116,255,4,128,255,1,141,255,2,126,255,3,125,255,4,132,255,13.8150667260683,0
1,2,205410,1,99,255,2,100,255,3,116,255,4,128,255,1,126,255,2,141,255,3,125,255,4,132,255,14.1807753245781,0
1,2,205411,1,100,255,2,116,255,3,99,255,4,128,255,1,141,255,2,125,255,3,126,255,4,132,255,14.6743552654492,0
1,2,205412,1,100,255,2,116,255,3,99,255,4,128,255,1,141,255,2,125,255,3,126,255,4,132,255,14.4628627142909,0
1,2,205413,1,116,255,2,99,255,3,100,255,4,128,255,1,125,255,2,141,255,3,126,255,4,132,255,14.0336571609888,0
1,2,205414,1,100,255,2,116,255,3,99,255,4,128,255,1,126,255,2,125,255,3,141,255,4,133,255,13.0303839710122,0
1,2,205415,1,99,255,2,116,255,3,100,255,4,128,255,1,141,255,2,125,255,3,126,255,4,132,255,13.377486594326,0
1,2,205416,1,100,255,2,99,255,3,116,255,4,128,255,1,126,255,2,141,255,3,125,255,4,132,255,11.9275088240447,0
1,2,205417,1,116,255,2,100,255,3,99,255,4,128,255,1,125,255,2,142,255,3,141,255,4,132,255,12.0848135169348,0
1,2,205418,1,100,255,2,101,255,3,116,255,4,113,255,1,141,255,2,142,255,3,125,255,4,133,255,11.4770071007953,0
1,2,205419,1,100,255,2,116,255,3,101,255,4,113,255,1,141,255,2,125,255,3,142,255,4,133,255,10.9323891851366,0
1,2,205420,1,101,255,2,100,255,3,116,255,4,113,255,1,141,255,2,142,255,3,125,255,4,132,255,12.1831550999932,0
1,2,205421,1,117,255,2,101,255,3,100,255,4,97,255,1,141,255,2,142,255,3,125,255,4,132,255,11.6410642384298,0
1,2,205422,1,117,255,2,101,255,3,116,255,4,128,255,1,140,255,2,125,255,3,141,255,4,133,255,11.4391720280741,0
1,2,205423,1,117,255,2,101,255,3,116,255,4,128,255,1,140,255,2,125,255,3,141,255,4,133,255,12.010974301411,0
1,2,205424,1,117,255,2,116,255,3,101,255,4,128,255,1,140,255,2,141,255,3,125,255,4,133,255,12.1929682180318,0
1,2,205425,1,117,255,2,101,255,3,116,255,4,128,255,1,140,255,2,125,255,3,141,255,4,133,255,12.2545734761114,0
1,2,205426,1,117,255,2,101,255,3,116,255,4,128,255,1,140,255,2,125,255,3,141,255,4,133,255,12.0042427471547,0
1,2,205427,1,117,255,2,101,255,3,100,255,4,97,255,1,140,255,2,141,255,3,142,255,4,133,255,11.1967016184954,0
1,2,205428,1,117,255,2,101,255,3,100,255,4,98,255,1,142,255,2,140,255,3,141,255,4,117,255,10.4988116262225,0
1,2,205429,1,117,255,2,116,255,3,101,255,4,99,255,1,141,255,2,125,255,3,140,255,4,117,255,10.3790145126556,0
1,2,205430,1,117,255,2,101,255,3,116,255,4,99,255,1,124,255,2,140,255,3,141,255,4,117,255,10.223186074429,0
1,2,205431,1,101,255,2,116,255,3,117,255,4,100,255,1,141,255,2,140,255,3,124,255,4,117,255,9.96301437911612,0
1,2,205432,1,101,255,2,117,255,3,116,255,4,100,255,1,141,255,2,124,255,3,140,255,4,117,255,9.9402502519571,0
1,2,205433,1,116,255,2,101,255,3,117,255,4,100,255,1,140,255,2,141,255,3,124,255,4,117,255,9.90241522451959,0
1,2,205434,1,101,255,2,100,255,3,117,255,4,99,255,1,141,255,2,140,255,3,124,255,4,133,255,9.57685572347904,0
1,2,205435,1,101,255,2,117,255,3,116,255,4,100,255,1,140,255,2,124,255,3,141,255,4,132,255,10.4997503053355,0
1,2,205436,1,116,255,2,117,255,3,101,255,4,100,255,1,140,255,2,124,255,3,141,255,4,133,255,10.2344533999168,0
1,2,205437,1,117,255,2,101,255,3,116,255,4,100,255,1,124,255,2,141,255,3,140,255,4,132,255,10.1581301223127,0
1,2,205438,1,101,255,2,117,255,3,116,255,4,100,255,1,141,255,2,124,255,3,140,255,4,132,255,9.74916235680229,0
1,2,205439,1,117,255,2,118,255,3,101,255,4,100,255,1,124,255,2,140,255,3,141,255,4,117,255,9.6910304531073,0
1,2,205440,1,101,255,2,118,255,3,117,255,4,100,255,1,140,255,2,141,255,3,124,255,4,117,255,9.6192029362904,0
1,2,205441,1,118,255,2,102,255,3,117,255,4,101,255,1,124,255,2,140,255,3,141,255,4,117,255,9.60543224008146,0
1,2,205442,1,102,255,2,101,255,3,118,255,4,117,255,1,139,255,2,140,255,3,124,255,4,134,255,9.77566032674478,0
1,2,205443,1,101,255,2,102,255,3,117,255,4,118,255,1,139,255,2,123,255,3,140,255,4,117,255,11.674813503496,0
1,2,205444,1,117,255,2,118,255,3,101,255,4,102,255,1,139,255,2,140,255,3,123,255,4,117,255,11.1380119786539,0
1,2,205445,1,102,255,2,118,255,3,101,255,4,117,255,1,123,255,2,140,255,3,139,255,4,117,255,11.937411468384,0
1,2,205446,1,118,255,2,117,255,3,102,255,4,101,255,1,139,255,2,140,255,3,123,255,4,117,255,11.4923389395611,0
1,2,205447,1,118,255,2,102,255,3,117,255,4,101,255,1,123,255,2,140,255,3,139,255,4,117,255,11.3924879485946,0
1,2,205448,1,118,255,2,117,255,3,102,255,4,101,255,1,139,255,2,123,255,3,140,255,4,117,255,10.8384402203041,0
1,2,205449,1,134,255,2,118,255,3,101,255,4,117,255,1,139,255,2,140,255,3,123,255,4,117,255,10.9353177159941,0
1,2,205450,1,118,255,2,117,255,3,102,255,4,101,255,1,122,255,2,139,255,3,123,255,4,117,255,10.6943451529657,0
1,2,205451,1,102,255,2,117,255,3,118,255,4,101,255,1,139,255,2,123,255,3,124,255,4,117,255,10.5231799416358,0
1,2,205452,1,102,255,2,101,255,3,118,255,4,117,255,1,123,255,2,139,255,3,124,255,4,117,255,10.2524483560023,0
1,2,205453,1,118,255,2,117,255,3,102,255,4,101,255,1,139,255,2,123,255,3,124,255,4,117,255,10.1577362426008,0
1,2,205454,1,118,255,2,117,255,3,102,255,4,101,255,1,139,255,2,140,255,3,124,255,4,117,255,10.3141247427081,0
1,2,205455,1,102,255,2,118,255,3,117,255,4,101,255,1,124,255,2,140,255,3,139,255,4,117,255,11.4769588714049,0
1,2,205456,1,118,255,2,117,255,3,102,255,4,101,255,1,124,255,2,140,255,3,139,255,4,117,255,11.8095203837627,0
1,2,205457,1,102,255,2,118,255,3,117,255,4,101,255,1,124,255,2,139,255,3,140,255,4,117,255,11.8090252027004,0
1,2,205458,1,118,255,2,117,255,3,102,255,4,101,255,1,140,255,2,139,255,3,124,255,4,117,255,12.0517159623606,0
1,2,205459,1,117,255,2,101,255,3,118,255,4,102,255,1,140,255,2,139,255,3,124,255,4,117,255,11.6730731060386,0
1,2,205460,1,117,255,2,102,255,3,118,255,4,101,255,1,139,255,2,140,255,3,124,255,4,117,255,11.6937305782942,0
1,2,205461,1,102,255,2,117,255,3,118,255,4,101,255,1,140,255,2,139,255,3,124,255,4,117,255,11.8687410802825,0
1,2,205462,1,118,255,2,117,255,3,102,255,4,101,255,1,124,255,2,139,255,3,140,255,4,117,255,11.8140490593454,0
1,2,205463,1,102,255,2,118,255,3,117,255,4,116,255,1,139,255,2,124,255,3,140,255,4,117,255,12.1762274648522,0
1,2,205464,1,118,255,2,117,255,3,102,255,4,116,255,1,124,255,2,139,255,3,140,255,4,117,255,12.5297547964594,0
1,2,205465,1,102,255,2,118,255,3,117,255,4,116,255,1,140,255,2,124,255,3,139,255,4,117,255,12.9186381365157,0
1,2,205466,1,117,255,2,118,255,3,102,255,4,116,255,1,139,255,2,140,255,3,123,255,4,117,255,13.5069130794237,0
1,2,205467,1,117,255,2,118,255,3,102,255,4,116,255,1,123,255,2,139,255,3,140,255,4,117,255,14.3198957184195,0
1,2,205468,1,118,255,2,117,255,3,102,255,4,116,255,1,123,255,2,139,255,3,140,255,4,117,255,14.9392987650256,0
1,2,205469,1,117,255,2,118,255,3,102,255,4,116,255,1,123,255,2,139,255,3,140,255,4,117,255,15.0025780716357,0
1,2,205470,1,118,255,2,117,255,3,102,255,4,116,255,1,139,255,2,123,255,3,140,255,4,117,255,14.9838394699876,0
1,2,205471,1,118,255,2,117,255,3,102,255,4,116,255,1,139,255,2,123,255,3,140,255,4,117,255,14.6540669528185,0
1,2,205472,1,102,255,2,117,255,3,118,255,4,115,255,1,139,255,2,123,255,3,124,255,4,132,255,14.2425187096018,0
1,2,205473,1,117,255,2,102,255,3,118,255,4,115,255,1,123,255,2,139,255,3,124,255,4,132,255,13.2706790969482,0
1,2,205474,1,102,255,2,117,255,3,118,255,4,115,255,1,139,255,2,123,255,3,124,255,4,132,255,12.9917292578335,0
1,2,205475,1,102,255,2,117,255,3,118,255,4,114,255,1,139,255,2,123,255,3,124,255,4,133,255,12.8731676595417,0
1,2,205476,1,102,255,2,117,255,3,118,255,4,115,255,1,139,255,2,123,255,3,124,255,4,133,255,12.8702969177988,0
1,2,205477,1,102,255,2,117,255,3,118,255,4,114,255,1,139,255,2,123,255,3,124,255,4,133,255,12.4147018483856,0
1,2,205478,1,117,255,2,118,255,3,102,255,4,115,255,1,123,255,2,124,255,3,139,255,4,133,255,12.4924706585235,0
1,2,205479,1,102,255,2,117,255,3,118,255,4,116,255,1,139,255,2,123,255,3,140,255,4,132,255,12.3461989807587,0
1,2,205480,1,117,255,2,102,255,3,118,255,4,116,255,1,139,255,2,123,255,3,140,255,4,132,255,11.745854777062,0
1,2,205481,1,118,255,2,102,255,3,117,255,4,116,255,1,140,255,2,139,255,3,123,255,4,132,255,11.9905573506991,0
1,2,205482,1,118,255,2,117,255,3,102,255,4,116,255,1,140,255,2,139,255,3,123,255,4,133,255,11.4859041683042,0
1,2,205483,1,102,255,2,118,255,3,117,255,4,116,255,1,123,255,2,139,255,3,122,255,4,133,255,11.4106089935716,0
1,2,205484,1,118,255,2,117,255,3,102,255,4,116,255,1,123,255,2,122,255,3,139,255,4,133,255,10.8747779248083,0
1,2,205485,1,118,255,2,117,255,3,102,255,4,116,255,1,123,255,2,122,255,3,139,255,4,132,255,10.029469309245,0
1,2,205486,1,118,255,2,117,255,3,102,255,4,116,255,1,123,255,2,122,255,3,139,255,4,117,255,11.2850296648646,0
1,2,205487,1,118,255,2,102,255,3,117,255,4,116,255,1,123,255,2,139,255,3,122,255,4,117,255,11.9737384410408,0
1,2,205488,1,118,255,2,117,255,3,119,255,4,116,255,1,138,255,2,123,255,3,139,255,4,117,255,12.4998257918962,0
1,2,205489,1,117,255,2,118,255,3,134,255,4,116,255,1,139,255,2,122,255,3,123,255,4,117,255,12.2138850149688,0
1,2,205490,1,117,255,2,118,255,3,134,255,4,116,255,1,139,255,2,138,255,3,123,255,4,117,255,12.0242687026867,0
1,2,205491,1,118,255,2,134,255,3,117,255,4,101,255,1,139,255,2,138,255,3,123,255,4,117,255,11.3609756393131,0
1,2,205492,1,117,255,2,134,255,3,118,255,4,101,255,1,139,255,2,138,255,3,123,255,4,117,255,11.84516970045,0
1,2,205493,1,118,255,2,117,255,3,134,255,4,101,255,1,138,255,2,139,255,3,123,255,4,117,255,12.5387314352503,0
1,2,205494,1,118,255,2,134,255,3,117,255,4,101,255,1,123,255,2,139,255,3,138,255,4,117,255,13.1054595736312,0
1,2,205495,1,118,255,2,134,255,3,117,255,4,101,255,1,123,255,2,139,255,3,138,255,4,117,255,13.4190281100976,0
1,2,205496,1,134,255,2,118,255,3,117,255,4,101,255,1,139,255,2,123,255,3,138,255,4,117,255,13.6560462040317,0
1,2,205497,1,118,255,2,134,255,3,117,255,4,101,255,1,123,255,2,139,255,3,138,255,4,117,255,13.544841143363,0
1,2,205498,1,118,255,2,134,255,3,117,255,4,101,255,1,123,255,2,139,255,3,138,255,4,117,255,13.0911343158941,0
1,2,205499,1,117,255,2,134,255,3,118,255,4,101,255,1,139,255,2,123,255,3,138,255,4,117,255,12.1895556910283,0
1,2,205500,1,118,255,2,134,255,3,117,255,4,101,255,1,123,255,2,139,255,3,138,255,4,117,255,11.6418279948907,0
1,2,205501,1,134,255,2,117,255,3,118,255,4,101,255,1,139,255,2,123,255,3,138,255,4,102,255,11.2073094770889,0
1,2,205502,1,117,255,2,118,255,3,134,255,4,101,255,1,123,255,2,138,255,3,139,255,4,102,255,11.4462294085679,0
1,2,205503,1,134,255,2,117,255,3,118,255,4,101,255,1,139,255,2,123,255,3,138,255,4,102,255,10.9006740369716,0
1,2,205504,1,117,255,2,118,255,3,134,255,4,101,255,1,123,255,2,138,255,3,139,255,4,102,255,10.7993357368949,0
1,2,205505,1,134,255,2,118,255,3,117,255,4,101,255,1,140,255,2,139,255,3,123,255,4,117,255,10.3281931226914,0
1,2,205506,1,118,255,2,117,255,3,134,255,4,100,255,1,123,255,2,139,255,3,140,255,4,117,255,10.5025531203544,0
1,2,205507,1,118,255,2,117,255,3,134,255,4,100,255,1,123,255,2,140,255,3,139,255,4,117,255,10.0762708404461,0
1,2,205508,1,118,255,2,117,255,3,134,255,4,100,255,1,139,255,2,123,255,3,140,255,4,117,255,9.81306392451567,0
1,2,205509,1,118,255,2,117,255,3,134,255,4,100,255,1,123,255,2,139,255,3,140,255,4,117,255,9.5741170960031,0
1,2,205510,1,118,255,2,117,255,3,134,255,4,99,255,1,140,255,2,123,255,3,139,255,4,132,255,9.74652481672629,0
1,2,205511,1,118,255,2,117,255,3,134,255,4,99,255,1,140,255,2,123,255,3,139,255,4,132,255,9.64282481899497,0
1,2,205512,1,117,255,2,134,255,3,118,255,4,100,255,1,140,255,2,139,255,3,123,255,4,133,255,9.9791663750315,0
1,2,205513,1,117,255,2,134,255,3,118,255,4,99,255,1,139,255,2,140,255,3,123,255,4,132,255,10.3127755132876,0
1,2,205514,1,101,255,2,118,255,3,117,255,4,99,255,1,139,255,2,140,255,3,123,255,4,133,255,10.37760365043,0
1,2,205515,1,118,255,2,101,255,3,117,255,4,99,255,1,140,255,2,139,255,3,123,255,4,133,255,10.4832725591214,0
1,2,205516,1,118,255,2,101,255,3,117,255,4,99,255,1,139,255,2,140,255,3,124,255,4,133,255,10.5563548015442,0
1,2,205517,1,101,255,2,118,255,3,117,255,4,99,255,1,140,255,2,139,255,3,124,255,4,132,255,10.8291996994804,0
1,2,205518,1,118,255,2,117,255,3,101,255,4,99,255,1,139,255,2,140,255,3,124,255,4,132,255,10.8265757796667,0
1,2,205519,1,118,255,2,117,255,3,101,255,4,99,255,1,140,255,2,156,255,3,139,255,4,133,255,10.4570244234493,0
1,2,205520,1,118,255,2,101,255,3,117,255,4,100,255,1,156,255,2,140,255,3,139,255,4,117,255,10.5529471391012,0
1,2,205521,1,101,255,2,117,255,3,118,255,4,99,255,1,141,255,2,140,255,3,139,255,4,117,255,9.62958842687531,0
1,2,205522,1,101,255,2,118,255,3,117,255,4,99,255,1,140,255,2,141,255,3,156,255,4,117,255,10.2340975812525,0
1,2,205523,1,101,255,2,117,255,3,118,255,4,99,255,1,141,255,2,140,255,3,156,255,4,117,255,11.1883890377127,0
1,2,205524,1,117,255,2,101,255,3,118,255,4,99,255,1,140,255,2,141,255,3,156,255,4,117,255,11.5607088362949,0
1,2,205525,1,101,255,2,117,255,3,118,255,4,99,255,1,141,255,2,140,255,3,156,255,4,117,255,11.8173212364268,0
1,2,205526,1,101,255,2,118,255,3,117,255,4,99,255,1,140,255,2,141,255,3,157,255,4,133,255,11.5753963969369,0
1,2,205527,1,101,255,2,118,255,3,117,255,4,99,255,1,142,255,2,141,255,3,140,255,4,133,255,11.7987143485625,0
1,2,205528,1,101,255,2,117,255,3,118,255,4,99,255,1,125,255,2,140,255,3,141,255,4,133,255,11.695199525138,0
1,2,205529,1,117,255,2,118,255,3,101,255,4,99,255,1,140,255,2,141,255,3,124,255,4,132,255,11.5062578728677,0
1,2,205530,1,117,255,2,101,255,3,118,255,4,98,255,1,140,255,2,124,255,3,141,255,4,132,255,12.4960321182962,0
1,2,205531,1,101,255,2,102,255,3,117,255,4,99,255,1,125,255,2,140,255,3,141,255,4,132,255,11.5000600172792,0
1,2,205532,1,101,255,2,117,255,3,100,255,4,98,255,1,141,255,2,140,255,3,125,255,4,132,255,12.0324382479985,0
1,2,205533,1,100,255,2,101,255,3,117,255,4,97,255,1,141,255,2,125,255,3,140,255,4,131,255,11.4378652224098,0
1,2,205534,1,100,255,2,117,255,3,101,255,4,112,255,1,125,255,2,140,255,3,141,255,4,131,255,11.4353798496257,0
1,2,205535,1,100,255,2,117,255,3,101,255,4,112,255,1,140,255,2,141,255,3,125,255,4,131,255,11.8436711752587,0
1,2,205536,1,100,255,2,101,255,3,116,255,4,97,255,1,140,255,2,125,255,3,141,255,4,131,255,12.0324147026226,0
1,2,205537,1,100,255,2,116,255,3,101,255,4,97,255,1,140,255,2,141,255,3,125,255,4,131,255,11.6714284542983,0
1,2,205538,1,100,255,2,101,255,3,116,255,4,97,255,1,140,255,2,141,255,3,125,255,4,131,255,12.3397450069214,0
1,2,205539,1,100,255,2,101,255,3,116,255,4,97,255,1,124,255,2,141,255,3,125,255,4,131,255,12.2523362828155,0
1,2,205540,1,100,255,2,99,255,3,116,255,4,112,255,1,125,255,2,124,255,3,141,255,4,131,255,12.1480477523647,0
1,2,205541,1,100,255,2,116,255,3,99,255,4,112,255,1,141,255,2,125,255,3,124,255,4,131,255,12.3852176964023,0
1,2,205542,1,100,255,2,99,255,3,116,255,4,112,255,1,124,255,2,125,255,3,141,255,4,131,255,12.2896460627967,0
1,2,205543,1,100,255,2,116,255,3,99,255,4,81,255,1,125,255,2,141,255,3,124,255,4,131,255,12.2737299975611,0
1,2,205544,1,116,255,2,100,255,3,99,255,4,81,255,1,141,255,2,124,255,3,125,255,4,131,255,12.4767543465056,0
1,2,205545,1,100,255,2,99,255,3,116,255,4,81,255,1,142,255,2,125,255,3,141,255,4,131,255,15.6500662089917,0
1,2,205546,1,116,255,2,99,255,3,100,255,4,81,255,1,125,255,2,142,255,3,141,255,4,131,255,16.1034951369887,0
1,2,205547,1,100,255,2,116,255,3,99,255,4,81,255,1,142,255,2,141,255,3,125,255,4,131,255,16.5332540971609,0
1,2,205548,1,99,255,2,116,255,3,115,255,4,81,255,1,125,255,2,142,255,3,126,255,4,131,255,16.8235881744429,0
1,2,205549,1,99,255,2,116,255,3,115,255,4,81,255,1,141,255,2,142,255,3,126,255,4,131,255,16.6694770896187,0
1,2,205550,1,116,255,2,99,255,3,115,255,4,81,255,1,142,255,2,125,255,3,126,255,4,115,255,16.1725067282947,0
1,2,205551,1,99,255,2,115,255,3,100,255,4,81,255,1,126,255,2,142,255,3,125,255,4,115,255,16.3432560384794,0
1,2,205552,1,115,255,2,100,255,3,99,255,4,81,255,1,142,255,2,125,255,3,126,255,4,115,255,15.9909111226006,0
1,2,205553,1,115,255,2,99,255,3,100,255,4,81,255,1,141,255,2,125,255,3,142,255,4,115,255,15.8740361385386,0
1,2,205554,1,115,255,2,100,255,3,99,255,4,81,255,1,141,255,2,142,255,3,125,255,4,115,255,15.6716256487123,0
1,2,205555,1,99,255,2,115,255,3,100,255,4,81,255,1,125,255,2,141,255,3,142,255,4,115,255,15.283538084628,0
1,2,205556,1,99,255,2,100,255,3,115,255,4,81,255,1,125,255,2,142,255,3,126,255,4,115,255,14.5044011391749,0
1,2,205557,1,99,255,2,115,255,3,100,255,4,81,255,1,125,255,2,141,255,3,142,255,4,115,255,15.8090617905439,0
1,2,205558,1,99,255,2,100,255,3,115,255,4,81,255,1,125,255,2,142,255,3,126,255,4,115,255,16.0622941897377,0
1,2,205559,1,99,255,2,115,255,3,116,255,4,81,255,1,125,255,2,141,255,3,142,255,4,115,255,15.8768915606651,0
1,2,205560,1,100,255,2,99,255,3,115,255,4,81,255,1,142,255,2,125,255,3,126,255,4,115,255,15.8198221419343,0
1,2,205561,1,99,255,2,115,255,3,116,255,4,81,255,1,126,255,2,141,255,3,142,255,4,115,255,15.5840186756199,0
1,2,205562,1,116,255,2,99,255,3,115,255,4,81,255,1,142,255,2,126,255,3,141,255,4,115,255,15.7381924287224,0
1,2,205563,1,99,255,2,115,255,3,116,255,4,81,255,1,126,255,2,141,255,3,142,255,4,115,255,15.0880895662648,0
1,2,205564,1,99,255,2,115,255,3,100,255,4,81,255,1,126,255,2,141,255,3,142,255,4,115,255,14.9417175682183,0
1,2,205565,1,99,255,2,115,255,3,100,255,4,81,255,1,126,255,2,141,255,3,142,255,4,115,255,14.6948348909528,0
1,2,205566,1,115,255,2,99,255,3,100,255,4,81,255,1,141,255,2,126,255,3,142,255,4,115,255,14.4847743744064,0
1,2,205567,1,99,255,2,115,255,3,100,255,4,81,255,1,126,255,2,141,255,3,142,255,4,115,255,14.7136653998592,0
1,2,205568,1,115,255,2,99,255,3,100,255,4,82,255,1,141,255,2,126,255,3,142,255,4,115,255,14.5140993981352,0
1,2,205569,1,99,255,2,100,255,3,115,255,4,82,255,1,126,255,2,142,255,3,141,255,4,115,255,14.6736180925702,0
1,2,205570,1,115,255,2,100,255,3,99,255,4,82,255,1,141,255,2,142,255,3,126,255,4,115,255,14.5798633807142,0
1,2,205571,1,115,255,2,100,255,3,99,255,4,82,255,1,141,255,2,142,255,3,126,255,4,115,255,14.6415121476314,0
1,2,205572,1,99,255,2,100,255,3,115,255,4,81,255,1,126,255,2,142,255,3,141,255,4,115,255,14.4578745465478,0
1,2,205573,1,100,255,2,115,255,3,99,255,4,81,255,1,142,255,2,141,255,3,126,255,4,115,255,14.7133798193139,0
1,2,205574,1,115,255,2,100,255,3,99,255,4,81,255,1,141,255,2,142,255,3,126,255,4,115,255,14.786441284416,0
1,2,205575,1,100,255,2,115,255,3,99,255,4,81,255,1,142,255,2,141,255,3,126,255,4,115,255,14.7795107104398,0
1,2,205576,1,99,255,2,115,255,3,116,255,4,81,255,1,126,255,2,141,255,3,142,255,4,115,255,14.3615750533628,0
1,2,205577,1,115,255,2,99,255,3,114,255,4,81,255,1,126,255,2,142,255,3,141,255,4,131,255,14.7818156295907,0
1,2,205578,1,98,255,2,114,255,3,115,255,4,81,255,1,142,255,2,141,255,3,126,255,4,131,255,15.0690521261369,0
1,2,205579,1,98,255,2,115,255,3,114,255,4,82,255,1,142,255,2,126,255,3,141,255,4,114,255,13.5345462031088,0
1,2,205580,1,114,255,2,99,255,3,115,255,4,98,255,1,143,255,2,142,255,3,141,255,4,113,255,12.1228579040466,0
1,2,205581,1,115,255,2,99,255,3,98,255,4,113,255,1,126,255,2,143,255,3,142,255,4,144,255,12.9432179726616,0
1,2,205582,1,114,255,2,115,255,3,99,255,4,98,255,1,142,255,2,143,255,3,126,255,4,144,255,12.7669734553873,0
1,2,205583,1,99,255,2,114,255,3,98,255,4,113,255,1,126,255,2,142,255,3,143,255,4,144,255,12.226846567043,0
1,2,205584,1,99,255,2,114,255,3,115,255,4,98,255,1,142,255,2,141,255,3,143,255,4,129,255,11.9620362033105,0
1,2,205585,1,115,255,2,114,255,3,99,255,4,98,255,1,141,255,2,142,255,3,143,255,4,130,255,13.8452237663104,0
1,2,205586,1,114,255,2,99,255,3,115,255,4,98,255,1,142,255,2,141,255,3,143,255,4,130,255,14.2003940919516,0
1,2,205587,1,99,255,2,115,255,3,114,255,4,98,255,1,142,255,2,141,255,3,143,255,4,130,255,12.900416955872,0
1,2,205588,1,99,255,2,115,255,3,114,255,4,98,255,1,142,255,2,141,255,3,143,255,4,130,255,12.3298926107028,0
1,2,205589,1,115,255,2,114,255,3,99,255,4,98,255,1,142,255,2,141,255,3,143,255,4,114,255,12.4314517447772,0
1,2,205590,1,114,255,2,115,255,3,99,255,4,98,255,1,142,255,2,141,255,3,126,255,4,130,255,12.1606435771354,0
1,2,205591,1,99,255,2,115,255,3,98,255,4,114,255,1,141,255,2,142,255,3,143,255,4,131,255,14.6001340018176,0
1,2,205592,1,115,255,2,114,255,3,99,255,4,113,255,1,126,255,2,142,255,3,143,255,4,132,255,12.4366716543954,0
1,2,205593,1,99,255,2,115,255,3,114,255,4,128,255,1,143,255,2,126,255,3,142,255,4,132,255,12.3806228456996,0
1,2,205594,1,114,255,2,115,255,3,99,255,4,112,255,1,142,255,2,126,255,3,143,255,4,132,255,12.7204067305165,0
1,2,205595,1,99,255,2,114,255,3,98,255,4,127,255,1,126,255,2,142,255,3,143,255,4,132,255,12.6147700408099,0
1,2,205596,1,99,255,2,98,255,3,114,255,4,128,255,1,143,255,2,126,255,3,142,255,4,132,255,12.5728672354007,0
1,2,205597,1,99,255,2,98,255,3,114,255,4,128,255,1,143,255,2,142,255,3,141,255,4,132,255,14.1306893503636,0
1,2,205598,1,99,255,2,98,255,3,114,255,4,113,255,1,126,255,2,142,255,3,141,255,4,115,255,15.0386575974448,0
1,2,205599,1,115,255,2,99,255,3,114,255,4,97,255,1,142,255,2,126,255,3,141,255,4,114,255,15.5544513056811,0
1,2,205600,1,98,255,2,99,255,3,114,255,4,113,255,1,126,255,2,141,255,3,142,255,4,115,255,16.3792299747894,0
1,2,205601,1,98,255,2,99,255,3,114,255,4,113,255,1,126,255,2,141,255,3,142,255,4,115,255,16.3063468944451,0
1,2,205602,1,99,255,2,115,255,3,98,255,4,114,255,1,126,255,2,142,255,3,141,255,4,115,255,16.2444699571627,0
1,2,205603,1,115,255,2,99,255,3,98,255,4,113,255,1,142,255,2,126,255,3,141,255,4,132,255,15.7784303009653,0
1,2,205604,1,99,255,2,98,255,3,115,255,4,128,255,1,125,255,2,126,255,3,141,255,4,115,255,17.0404278353318,0
1,2,205605,1,99,255,2,98,255,3,115,255,4,113,255,1,126,255,2,142,255,3,125,255,4,115,255,17.5849026719414,0
1,2,205606,1,98,255,2,99,255,3,115,255,4,128,255,1,126,255,2,142,255,3,125,255,4,115,255,18.6744066711756,0
1,2,205607,1,115,255,2,99,255,3,98,255,4,128,255,1,125,255,2,126,255,3,142,255,4,115,255,16.1789146566373,0
1,2,205608,1,99,255,2,98,255,3,115,255,4,113,255,1,125,255,2,126,255,3,141,255,4,115,255,15.8489176879902,0
1,2,205609,1,99,255,2,98,255,3,115,255,4,113,255,1,125,255,2,126,255,3,141,255,4,115,255,15.5223549450313,0
1,2,205610,1,99,255,2,98,255,3,115,255,4,128,255,1,125,255,2,126,255,3,141,255,4,131,255,15.4979319058916,0
1,2,205611,1,98,255,2,99,255,3,115,255,4,128,255,1,126,255,2,141,255,3,125,255,4,131,255,15.1170484662886,0
1,2,205612,1,115,255,2,99,255,3,98,255,4,128,255,1,125,255,2,126,255,3,141,255,4,131,255,14.3712868156634,0
1,2,205613,1,99,255,2,100,255,3,98,255,4,128,255,1,125,255,2,126,255,3,141,255,4,131,255,14.0278246011983,0
1,2,205614,1,98,255,2,99,255,3,115,255,4,128,255,1,125,255,2,126,255,3,141,255,4,114,255,13.6505392214913,0
1,2,205615,1,115,255,2,100,255,3,99,255,4,128,255,1,141,255,2,125,255,3,126,255,4,114,255,13.2432036738448,0
1,2,205616,1,100,255,2,99,255,3,116,255,4,128,255,1,125,255,2,126,255,3,141,255,4,114,255,13.1173220087207,0
1,2,205617,1,116,255,2,100,255,3,99,255,4,128,255,1,141,255,2,125,255,3,126,255,4,114,255,13.2956603340767,0
1,2,205618,1,100,255,2,99,255,3,116,255,4,128,255,1,126,255,2,141,255,3,125,255,4,114,255,12.3068412947734,0
1,2,205619,1,99,255,2,116,255,3,100,255,4,128,255,1,125,255,2,141,255,3,126,255,4,114,255,12.9195818821481,0
1,2,205620,1,99,255,2,100,255,3,116,255,4,128,255,1,125,255,2,126,255,3,141,255,4,114,255,12.0225395837065,0
1,2,205621,1,100,255,2,116,255,3,99,255,4,128,255,1,124,255,2,125,255,3,141,255,4,113,255,10.9988165238178,0
1,2,205622,1,100,255,2,99,255,3,116,255,4,128,255,1,124,255,2,125,255,3,141,255,4,128,255,10.5647327201214,0
1,2,205623,1,100,255,2,116,255,3,101,255,4,128,255,1,140,255,2,125,255,3,141,255,4,128,255,9.75018073331369,0
1,2,205624,1,101,255,2,100,255,3,117,255,4,127,255,1,141,255,2,125,255,3,140,255,4,128,255,9.54813857313863,0
1,2,205625,1,101,255,2,117,255,3,100,255,4,126,255,1,125,255,2,140,255,3,141,255,4,128,255,11.1545426131642,0
1,2,205626,1,101,255,2,117,255,3,100,255,4,125,255,1,141,255,2,140,255,3,125,255,4,128,255,12.120544158533,0
1,2,205627,1,117,255,2,101,255,3,100,255,4,125,255,1,141,255,2,140,255,3,125,255,4,128,255,12.1071981168635,0
1,2,205628,1,101,255,2,117,255,3,100,255,4,125,255,1,141,255,2,140,255,3,125,255,4,128,255,12.5381142081675,0
1,2,205629,1,101,255,2,100,255,3,117,255,4,125,255,1,140,255,2,141,255,3,125,255,4,128,255,12.5320140643215,0
1,2,205630,1,100,255,2,117,255,3,101,255,4,125,255,1,140,255,2,141,255,3,125,255,4,128,255,12.8183915334001,0
1,2,205631,1,100,255,2,117,255,3,101,255,4,125,255,1,141,255,2,140,255,3,125,255,4,128,255,13.0792577019073,0
1,2,205632,1,100,255,2,117,255,3,101,255,4,125,255,1,141,255,2,140,255,3,125,255,4,128,255,13.3076130146176,0
1,2,205633,1,100,255,2,101,255,3,117,255,4,125,255,1,141,255,2,140,255,3,124,255,4,128,255,13.4033741428904,0
1,2,205634,1,117,255,2,100,255,3,101,255,4,125,255,1,141,255,2,140,255,3,124,255,4,128,255,13.5591037764987,0
1,2,205635,1,100,255,2,117,255,3,101,255,4,125,255,1,140,255,2,141,255,3,124,255,4,128,255,13.4838487592171,0
1,2,205636,1,101,255,2,116,255,3,117,255,4,125,255,1,140,255,2,141,255,3,124,255,4,128,255,13.0135546178601,0
1,2,205637,1,117,255,2,101,255,3,118,255,4,124,255,1,140,255,2,141,255,3,139,255,4,128,255,11.7244938619889,0
1,2,205638,1,101,255,2,117,255,3,118,255,4,124,255,1,141,255,2,140,255,3,156,255,4,128,255,11.8689093766505,0
1,2,205639,1,117,255,2,101,255,3,118,255,4,124,255,1,141,255,2,140,255,3,157,255,4,128,255,10.8650311650885,0
1,2,205640,1,118,255,2,101,255,3,117,255,4,124,255,1,140,255,2,141,255,3,157,255,4,128,255,10.5151175337026,0
1,2,205641,1,117,255,2,101,255,3,118,255,4,124,255,1,140,255,2,141,255,3,157,255,4,128,255,10.3900151157106,0
1,2,205642,1,118,255,2,101,255,3,117,255,4,124,255,1,140,255,2,141,255,3,157,255,4,128,255,11.3824748254649,0
1,2,205643,1,118,255,2,101,255,3,117,255,4,124,255,1,140,255,2,141,255,3,157,255,4,128,255,11.2837393604749,0
1,2,205644,1,117,255,2,118,255,3,101,255,4,124,255,1,157,255,2,141,255,3,140,255,4,128,255,11.3425774549847,0
1,2,205645,1,101,255,2,117,255,3,118,255,4,124,255,1,141,255,2,156,255,3,140,255,4,128,255,11.5702859952311,0
1,2,205646,1,118,255,2,117,255,3,101,255,4,124,255,1,141,255,2,156,255,3,140,255,4,128,255,10.6899513288673,0
1,2,205647,1,101,255,2,117,255,3,118,255,4,124,255,1,140,255,2,141,255,3,124,255,4,128,255,10.90194689961,0
1,2,205648,1,101,255,2,118,255,3,117,255,4,124,255,1,140,255,2,124,255,3,141,255,4,128,255,10.9224643619929,0
1,2,205649,1,118,255,2,117,255,3,102,255,4,124,255,1,139,255,2,124,255,3,140,255,4,113,255,10.9843631646119,0
1,2,205650,1,118,255,2,117,255,3,102,255,4,124,255,1,140,255,2,139,255,3,124,255,4,113,255,10.478293210075,0
1,2,205651,1,117,255,2,102,255,3,118,255,4,108,255,1,139,255,2,140,255,3,124,255,4,128,255,10.6603365477125,0
1,2,205652,1,118,255,2,101,255,3,117,255,4,108,255,1,124,255,2,139,255,3,123,255,4,113,255,10.8041343207157,0
1,2,205653,1,102,255,2,117,255,3,118,255,4,108,255,1,139,255,2,124,255,3,123,255,4,128,255,11.4329318423065,0
1,2,205654,1,117,255,2,118,255,3,102,255,4,108,255,1,139,255,2,124,255,3,123,255,4,144,255,11.3087335331553,0
1,2,205655,1,117,255,2,102,255,3,118,255,4,108,255,1,124,255,2,139,255,3,123,255,4,143,255,11.9691253052358,0
1,2,205656,1,118,255,2,102,255,3,117,255,4,108,255,1,139,255,2,123,255,3,124,255,4,126,255,12.6624156344124,0
1,2,205657,1,117,255,2,102,255,3,118,255,4,108,255,1,139,255,2,123,255,3,124,255,4,125,255,13.8650569520977,0
1,2,205658,1,117,255,2,102,255,3,118,255,4,108,255,1,139,255,2,123,255,3,124,255,4,125,255,14.0214301906137,0
1,2,205659,1,118,255,2,117,255,3,102,255,4,108,255,1,139,255,2,123,255,3,124,255,4,125,255,13.8287988431306,0
1,2,205660,1,118,255,2,102,255,3,117,255,4,108,255,1,140,255,2,124,255,3,139,255,4,125,255,13.6659013302441,0
1,2,205661,1,118,255,2,102,255,3,117,255,4,108,255,1,124,255,2,139,255,3,140,255,4,125,255,13.4931378218707,0
1,2,205662,1,118,255,2,117,255,3,102,255,4,108,255,1,140,255,2,139,255,3,124,255,4,125,255,13.2739517214701,0
1,2,205663,1,118,255,2,117,255,3,102,255,4,108,255,1,140,255,2,139,255,3,124,255,4,125,255,13.0989080248634,0
1,2,205664,1,118,255,2,117,255,3,102,255,4,108,255,1,140,255,2,139,255,3,124,255,4,125,255,13.0643186220024,0
1,2,205665,1,117,255,2,102,255,3,118,255,4,108,255,1,140,255,2,139,255,3,124,255,4,125,255,12.9769631808927,0
1,2,205666,1,117,255,2,118,255,3,102,255,4,108,255,1,140,255,2,124,255,3,139,255,4,125,255,12.9654012804855,0
1,2,205667,1,117,255,2,102,255,3,118,255,4,108,255,1,140,255,2,139,255,3,124,255,4,125,255,12.9005458395831,0
1,2,205668,1,117,255,2,118,255,3,102,255,4,108,255,1,140,255,2,124,255,3,139,255,4,125,255,12.8304111197073,0
1,2,205669,1,102,255,2,118,255,3,117,255,4,124,255,1,140,255,2,124,255,3,139,255,4,125,255,12.7118266408753,0
1,2,205670,1,118,255,2,102,255,3,117,255,4,124,255,1,124,255,2,140,255,3,139,255,4,125,255,12.7692427371246,0
1,2,205671,1,117,255,2,118,255,3,102,255,4,124,255,1,140,255,2,124,255,3,139,255,4,125,255,12.7697581743852,0
1,2,205672,1,117,255,2,118,255,3,102,255,4,108,255,1,140,255,2,124,255,3,139,255,4,125,255,12.8754656505488,0
1,2,205673,1,118,255,2,117,255,3,102,255,4,108,255,1,124,255,2,140,255,3,139,255,4,125,255,14.4919623840307,0
1,2,205674,1,118,255,2,117,255,3,102,255,4,108,255,1,124,255,2,139,255,3,140,255,4,125,255,14.3975917475546,0
1,2,205675,1,102,255,2,118,255,3,117,255,4,108,255,1,139,255,2,124,255,3,123,255,4,125,255,14.3919911351581,0
1,2,205676,1,118,255,2,102,255,3,117,255,4,108,255,1,124,255,2,139,255,3,123,255,4,125,255,13.8985752778706,0
1,2,205677,1,118,255,2,102,255,3,117,255,4,108,255,1,124,255,2,139,255,3,123,255,4,125,255,13.905707769705,0
1,2,205678,1,102,255,2,117,255,3,118,255,4,124,255,1,139,255,2,140,255,3,124,255,4,125,255,13.7942542590093,0
1,2,205679,1,118,255,2,117,255,3,102,255,4,124,255,1,124,255,2,140,255,3,139,255,4,125,255,13.9354095801703,0
1,2,205680,1,102,255,2,117,255,3,118,255,4,124,255,1,139,255,2,140,255,3,124,255,4,125,255,14.0853331352838,0
1,2,205681,1,118,255,2,102,255,3,117,255,4,124,255,1,124,255,2,139,255,3,140,255,4,125,255,14.3321150911415,0
1,2,205682,1,102,255,2,118,255,3,117,255,4,124,255,1,139,255,2,124,255,3,140,255,4,125,255,14.3830602170675,0
1,2,205683,1,117,255,2,102,255,3,118,255,4,124,255,1,140,255,2,139,255,3,124,255,4,125,255,14.5531850123633,0
1,2,205684,1,102,255,2,118,255,3,117,255,4,124,255,1,139,255,2,124,255,3,123,255,4,125,255,14.1860502607092,0
1,2,205685,1,102,255,2,118,255,3,117,255,4,124,255,1,139,255,2,124,255,3,123,255,4,125,255,14.6114831556599,0
1,2,205686,1,102,255,2,117,255,3,118,255,4,124,255,1,139,255,2,123,255,3,140,255,4,124,255,15.1106016438293,0
1,2,205687,1,118,255,2,117,255,3,102,255,4,124,255,1,124,255,2,123,255,3,139,255,4,125,255,15.0076797478126,0
1,2,205688,1,118,255,2,117,255,3,102,255,4,124,255,1,124,255,2,123,255,3,139,255,4,125,255,14.9803220182447,0
1,2,205689,1,102,255,2,117,255,3,118,255,4,124,255,1,139,255,2,123,255,3,124,255,4,125,255,15.0182618600562,0
1,2,205690,1,102,255,2,117,255,3,118,255,4,124,255,1,139,255,2,123,255,3,124,255,4,125,255,14.7068468716723,0
1,2,205691,1,102,255,2,118,255,3,117,255,4,124,255,1,139,255,2,124,255,3,140,255,4,125,255,14.7451468245634,0
1,2,205692,1,118,255,2,102,255,3,117,255,4,124,255,1,124,255,2,139,255,3,140,255,4,125,255,14.657956836716,0
1,2,205693,1,117,255,2,102,255,3,118,255,4,124,255,1,140,255,2,139,255,3,124,255,4,125,255,14.6202384586314,0
1,2,205694,1,117,255,2,102,255,3,118,255,4,124,255,1,140,255,2,139,255,3,124,255,4,125,255,14.4422020398917,0
1,2,205695,1,102,255,2,117,255,3,118,255,4,124,255,1,139,255,2,140,255,3,124,255,4,125,255,14.1150055664332,0
1,2,205696,1,117,255,2,102,255,3,118,255,4,108,255,1,140,255,2,139,255,3,124,255,4,125,255,13.4115566845106,0
1,2,205697,1,117,255,2,118,255,3,102,255,4,108,255,1,140,255,2,124,255,3,139,255,4,125,255,11.4325756268309,0
1,2,205698,1,117,255,2,118,255,3,102,255,4,124,255,1,140,255,2,124,255,3,139,255,4,125,255,13.0179399918857,0
1,2,205699,1,118,255,2,117,255,3,102,255,4,108,255,1,124,255,2,140,255,3,139,255,4,125,255,13.1860768422209,0
1,2,205700,1,117,255,2,118,255,3,102,255,4,108,255,1,139,255,2,124,255,3,140,255,4,125,255,13.8958830096239,0
1,2,205701,1,102,255,2,117,255,3,118,255,4,108,255,1,140,255,2,139,255,3,124,255,4,125,255,13.9226294638305,0
1,2,205702,1,118,255,2,102,255,3,117,255,4,108,255,1,139,255,2,124,255,3,140,255,4,125,255,11.2672085137807,0
1,2,205703,1,117,255,2,118,255,3,102,255,4,108,255,1,139,255,2,124,255,3,140,255,4,125,255,14.1905706170684,0
1,2,205704,1,118,255,2,117,255,3,102,255,4,108,255,1,139,255,2,124,255,3,140,255,4,125,255,14.1346993586182,0
1,2,205705,1,118,255,2,102,255,3,117,255,4,108,255,1,139,255,2,140,255,3,124,255,4,125,255,13.8774953978141,0
1,2,205706,1,102,255,2,118,255,3,117,255,4,108,255,1,140,255,2,124,255,3,139,255,4,125,255,13.4183127133282,0
1,2,205707,1,117,255,2,118,255,3,102,255,4,108,255,1,124,255,2,139,255,3,140,255,4,125,255,13.2780360636358,0
1,2,205708,1,117,255,2,102,255,3,118,255,4,108,255,1,139,255,2,140,255,3,124,255,4,125,255,12.9242258796174,0
1,2,205709,1,118,255,2,117,255,3,102,255,4,108,255,1,139,255,2,124,255,3,140,255,4,125,255,12.683866572998,0
1,2,205710,1,118,255,2,117,255,3,101,255,4,108,255,1,140,255,2,124,255,3,139,255,4,125,255,12.5180380449348,0
1,2,205711,1,117,255,2,101,255,3,118,255,4,108,255,1,140,255,2,139,255,3,124,255,4,125,255,12.3735752093662,0
1,2,205712,1,118,255,2,117,255,3,101,255,4,124,255,1,139,255,2,124,255,3,140,255,4,125,255,12.5961806207436,0
1,2,205713,1,118,255,2,101,255,3,117,255,4,124,255,1,140,255,2,139,255,3,124,255,4,125,255,12.0208259434742,0
1,2,205714,1,118,255,2,101,255,3,117,255,4,124,255,1,124,255,2,139,255,3,140,255,4,125,255,12.1265793478575,0
1,2,205715,1,118,255,2,117,255,3,101,255,4,124,255,1,140,255,2,124,255,3,139,255,4,125,255,12.3263110868343,0
1,2,205716,1,101,255,2,118,255,3,117,255,4,124,255,1,139,255,2,140,255,3,124,255,4,125,255,12.7181702824542,0
1,2,205717,1,117,255,2,118,255,3,101,255,4,124,255,1,124,255,2,140,255,3,139,255,4,125,255,12.6176515872375,0
1,2,205718,1,118,255,2,117,255,3,101,255,4,124,255,1,139,255,2,124,255,3,140,255,4,125,255,13.0387254588325,0
1,2,205719,1,117,255,2,101,255,3,118,255,4,124,255,1,139,255,2,124,255,3,140,255,4,125,255,14.9137953636443,0
1,2,205720,1,101,255,2,118,255,3,117,255,4,124,255,1,124,255,2,139,255,3,140,255,4,125,255,14.8754353438346,0
1,2,205721,1,101,255,2,118,255,3,117,255,4,124,255,1,140,255,2,139,255,3,124,255,4,125,255,15.0238715030365,0
1,2,205722,1,118,255,2,101,255,3,117,255,4,124,255,1,139,255,2,124,255,3,140,255,4,125,255,15.200150154184,0
1,2,205723,1,117,255,2,118,255,3,101,255,4,124,255,1,140,255,2,139,255,3,124,255,4,125,255,15.4119014409752,0
1,2,205724,1,118,255,2,117,255,3,101,255,4,125,255,1,139,255,2,140,255,3,124,255,4,125,255,15.4277705111734,0
1,2,205725,1,118,255,2,101,255,3,117,255,4,125,255,1,139,255,2,124,255,3,140,255,4,125,255,15.2945485054182,0
1,2,205726,1,117,255,2,101,255,3,118,255,4,125,255,1,140,255,2,124,255,3,139,255,4,125,255,15.1471014040435,0
1,2,205727,1,117,255,2,101,255,3,118,255,4,125,255,1,140,255,2,124,255,3,139,255,4,125,255,14.9068810172712,0
1,2,205728,1,118,255,2,117,255,3,101,255,4,125,255,1,156,255,2,140,255,3,124,255,4,125,255,13.8523862359934,0
1,2,205729,1,101,255,2,118,255,3,117,255,4,125,255,1,140,255,2,156,255,3,141,255,4,125,255,13.8587103891843,0
1,2,205730,1,118,255,2,117,255,3,101,255,4,125,255,1,140,255,2,141,255,3,124,255,4,126,255,13.4277887746274,0
1,2,205731,1,101,255,2,117,255,3,118,255,4,125,255,1,125,255,2,140,255,3,141,255,4,126,255,13.6715281535915,0
1,2,205732,1,117,255,2,101,255,3,118,255,4,125,255,1,140,255,2,125,255,3,141,255,4,126,255,13.4725806307291,0
1,2,205733,1,117,255,2,101,255,3,118,255,4,125,255,1,141,255,2,125,255,3,140,255,4,126,255,13.4144819573188,0
1,2,205734,1,101,255,2,100,255,3,117,255,4,125,255,1,125,255,2,140,255,3,141,255,4,126,255,13.6436050755926,0
1,2,205735,1,100,255,2,117,255,3,101,255,4,125,255,1,141,255,2,140,255,3,125,255,4,126,255,13.8626039186428,0
1,2,205736,1,100,255,2,117,255,3,101,255,4,125,255,1,140,255,2,141,255,3,125,255,4,126,255,13.2530506139469,0
1,2,205737,1,100,255,2,117,255,3,101,255,4,125,255,1,125,255,2,141,255,3,140,255,4,126,255,12.7341519468267,0
1,2,205738,1,100,255,2,101,255,3,117,255,4,125,255,1,140,255,2,125,255,3,141,255,4,126,255,12.9884877075562,0
1,2,205739,1,100,255,2,117,255,3,101,255,4,125,255,1,125,255,2,141,255,3,140,255,4,126,255,12.6168529405789,0
1,2,205740,1,116,255,2,100,255,3,101,255,4,125,255,1,141,255,2,140,255,3,125,255,4,127,255,12.9075687203144,0
1,2,205741,1,101,255,2,100,255,3,116,255,4,125,255,1,125,255,2,140,255,3,141,255,4,127,255,13.0822809132859,0
1,2,205742,1,116,255,2,100,255,3,101,255,4,125,255,1,125,255,2,140,255,3,141,255,4,127,255,12.8014447147278,0
1,2,205743,1,116,255,2,99,255,3,100,255,4,125,255,1,125,255,2,141,255,3,140,255,4,144,255,12.7373010018645,0
1,2,205744,1,100,255,2,116,255,3,99,255,4,125,255,1,125,255,2,141,255,3,124,255,4,129,255,12.9886105194875,0
1,2,205745,1,99,255,2,116,255,3,100,255,4,125,255,1,125,255,2,141,255,3,124,255,4,129,255,12.7769312280135,0
1,2,205746,1,100,255,2,116,255,3,99,255,4,125,255,1,125,255,2,141,255,3,124,255,4,130,255,13.457310926367,0
1,2,205747,1,100,255,2,115,255,3,99,255,4,125,255,1,141,255,2,125,255,3,124,255,4,130,255,14.1417332706193,0
1,2,205748,1,116,255,2,100,255,3,99,255,4,110,255,1,125,255,2,141,255,3,124,255,4,130,255,16.0956308513514,0
1,2,205749,1,100,255,2,116,255,3,99,255,4,111,255,1,142,255,2,125,255,3,141,255,4,131,255,15.911666459095,0
1,2,205750,1,99,255,2,116,255,3,115,255,4,112,255,1,141,255,2,142,255,3,126,255,4,131,255,15.9638571590388,0
1,2,205751,1,116,255,2,99,255,3,115,255,4,81,255,1,142,255,2,141,255,3,126,255,4,131,255,16.4184929068025,0
1,2,205752,1,99,255,2,116,255,3,115,255,4,81,255,1,141,255,2,142,255,3,126,255,4,131,255,16.3426602029917,0
1,2,205753,1,99,255,2,116,255,3,115,255,4,81,255,1,125,255,2,142,255,3,141,255,4,115,255,15.7476744133511,0
1,2,205754,1,99,255,2,115,255,3,116,255,4,81,255,1,125,255,2,141,255,3,142,255,4,115,255,15.5543873392031,0
1,2,205755,1,99,255,2,115,255,3,116,255,4,81,255,1,125,255,2,141,255,3,142,255,4,131,255,13.7713703706239,0
1,2,205756,1,99,255,2,115,255,3,116,255,4,81,255,1,126,255,2,141,255,3,142,255,4,131,255,13.0969201490908,0
1,2,205757,1,99,255,2,100,255,3,115,255,4,81,255,1,125,255,2,142,255,3,141,255,4,115,255,14.3024450657233,0
1,2,205758,1,99,255,2,115,255,3,100,255,4,81,255,1,125,255,2,126,255,3,142,255,4,115,255,14.9659619255286,0
1,2,205759,1,115,255,2,100,255,3,99,255,4,81,255,1,141,255,2,142,255,3,126,255,4,115,255,15.1898079202401,0
1,2,205760,1,99,255,2,115,255,3,100,255,4,81,255,1,126,255,2,141,255,3,142,255,4,115,255,14.6177096074024,0
1,2,205761,1,115,255,2,98,255,3,99,255,4,81,255,1,141,255,2,142,255,3,126,255,4,115,255,14.7706152070273,0
1,2,205762,1,99,255,2,115,255,3,98,255,4,81,255,1,126,255,2,142,255,3,141,255,4,115,255,14.745299276629,0
1,2,205763,1,115,255,2,99,255,3,98,255,4,81,255,1,126,255,2,142,255,3,141,255,4,115,255,14.6032066545194,0
1,2,205764,1,99,255,2,115,255,3,98,255,4,81,255,1,142,255,2,126,255,3,141,255,4,115,255,14.9091377605468,0
1,2,205765,1,99,255,2,115,255,3,98,255,4,81,255,1,142,255,2,141,255,3,126,255,4,115,255,15.1837650349046,0
1,2,205766,1,115,255,2,98,255,3,99,255,4,81,255,1,141,255,2,126,255,3,142,255,4,115,255,15.2051284919604,0
1,2,205767,1,98,255,2,115,255,3,99,255,4,81,255,1,142,255,2,141,255,3,126,255,4,115,255,14.8752009784631,0
1,2,205768,1,99,255,2,98,255,3,115,255,4,81,255,1,142,255,2,126,255,3,141,255,4,115,255,15.1915609781363,0
1,2,205769,1,99,255,2,115,255,3,98,255,4,81,255,1,141,255,2,142,255,3,126,255,4,115,255,15.0646022181043,0
1,2,205770,1,99,255,2,115,255,3,98,255,4,81,255,1,142,255,2,141,255,3,126,255,4,115,255,15.2346822259956,0
1,2,205771,1,99,255,2,115,255,3,98,255,4,81,255,1,142,255,2,141,255,3,126,255,4,115,255,15.229137660164,0
1,2,205772,1,99,255,2,98,255,3,115,255,4,81,255,1,142,255,2,126,255,3,141,255,4,115,255,15.1749848594261,0
1,2,205773,1,99,255,2,98,255,3,115,255,4,81,255,1,126,255,2,141,255,3,142,255,4,115,255,14.1302653391423,0
1,2,205774,1,98,255,2,115,255,3,99,255,4,81,255,1,126,255,2,142,255,3,141,255,4,115,255,13.9572322089237,0
1,2,205775,1,115,255,2,99,255,3,114,255,4,98,255,1,141,255,2,142,255,3,126,255,4,130,255,3.16466636144845,0
1,2,205776,1,114,255,2,98,255,3,97,255,4,115,255,1,142,255,2,144,255,3,143,255,4,130,255,11.6958030631774,0
1,2,205777,1,98,255,2,114,255,3,97,255,4,115,255,1,142,255,2,129,255,3,143,255,4,114,255,12.9373199460629,0
1,2,205778,1,98,255,2,115,255,3,97,255,4,114,255,1,142,255,2,130,255,3,143,255,4,114,255,14.0362376997241,0
1,2,205779,1,114,255,2,115,255,3,98,255,4,99,255,1,142,255,2,113,255,3,143,255,4,129,255,13.4335374706541,0
1,2,205780,1,97,255,2,115,255,3,114,255,4,98,255,1,142,255,2,144,255,3,143,255,4,130,255,11.6440214929221,0
1,2,205781,1,114,255,2,99,255,3,98,255,4,115,255,1,142,255,2,144,255,3,143,255,4,113,255,12.8479925556133,0
1,2,205782,1,98,255,2,115,255,3,97,255,4,99,255,1,142,255,2,144,255,3,143,255,4,129,255,12.6962830684124,0
1,2,205783,1,98,255,2,115,255,3,114,255,4,99,255,1,142,255,2,144,255,3,143,255,4,129,255,13.1378342654946,0
1,2,205784,1,99,255,2,98,255,3,113,255,4,114,255,1,143,255,2,129,255,3,142,255,4,144,255,11.7438141768861,0
1,2,205785,1,98,255,2,115,255,3,114,255,4,99,255,1,142,255,2,144,255,3,143,255,4,129,255,13.9445237723228,0
1,2,205786,1,113,255,2,99,255,3,114,255,4,98,255,1,142,255,2,144,255,3,143,255,4,129,255,13.5311522210074,0
1,2,205787,1,98,255,2,115,255,3,114,255,4,99,255,1,142,255,2,144,255,3,143,255,4,129,255,13.6040469783643,0
1,2,205788,1,113,255,2,99,255,3,114,255,4,98,255,1,142,255,2,144,255,3,126,255,4,129,255,13.0291480360224,0
1,2,205789,1,114,255,2,99,255,3,113,255,4,98,255,1,126,255,2,144,255,3,142,255,4,129,255,13.3146530150995,0
1,2,205790,1,114,255,2,98,255,3,113,255,4,99,255,1,142,255,2,144,255,3,126,255,4,129,255,11.0516990423166,0
1,2,205791,1,98,255,2,115,255,3,114,255,4,99,255,1,142,255,2,144,255,3,126,255,4,129,255,12.701419829677,0
1,2,205792,1,98,255,2,99,255,3,97,255,4,115,255,1,142,255,2,129,255,3,143,255,4,144,255,12.5417392960197,0
1,2,205793,1,98,255,2,99,255,3,97,255,4,115,255,1,142,255,2,129,255,3,143,255,4,144,255,12.1927313509906,0
1,2,205794,1,98,255,2,99,255,3,114,255,4,115,255,1,142,255,2,144,255,3,143,255,4,129,255,11.546981248206,0
1,2,205795,1,98,255,2,99,255,3,97,255,4,115,255,1,142,255,2,144,255,3,143,255,4,129,255,11.2081531147358,0
1,2,205796,1,114,255,2,115,255,3,113,255,4,99,255,1,142,255,2,144,255,3,143,255,4,129,255,12.3047754140419,0
1,2,205797,1,114,255,2,99,255,3,98,255,4,115,255,1,142,255,2,144,255,3,143,255,4,129,255,15.0624471138211,0
1,2,205798,1,98,255,2,99,255,3,113,255,4,114,255,1,126,255,2,128,255,3,142,255,4,144,255,15.1643088670008,0
1,2,205799,1,98,255,2,114,255,3,113,255,4,99,255,1,126,255,2,143,255,3,142,255,4,127,255,15.5453392488179,0
1,2,205800,1,97,255,2,99,255,3,98,255,4,114,255,1,126,255,2,143,255,3,141,255,4,142,255,15.8754624035176,0
1,2,205801,1,97,255,2,98,255,3,114,255,4,99,255,1,126,255,2,143,255,3,142,255,4,141,255,15.3449578601368,0
1,2,205802,1,98,255,2,99,255,3,97,255,4,115,255,1,125,255,2,126,255,3,141,255,4,142,255,14.6345671382614,0
1,2,205803,1,97,255,2,99,255,3,114,255,4,98,255,1,126,255,2,125,255,3,141,255,4,127,255,15.2175479153106,0
1,2,205804,1,97,255,2,99,255,3,114,255,4,98,255,1,125,255,2,126,255,3,141,255,4,142,255,15.5209059715449,0
1,2,205805,1,98,255,2,99,255,3,114,255,4,115,255,1,126,255,2,127,255,3,125,255,4,141,255,16.454179781512,0
1,2,205806,1,114,255,2,99,255,3,115,255,4,98,255,1,125,255,2,126,255,3,141,255,4,142,255,16.1829725206149,0
1,2,205807,1,114,255,2,99,255,3,100,255,4,98,255,1,125,255,2,126,255,3,141,255,4,142,255,13.1902891345493,0
1,2,205808,1,115,255,2,98,255,3,99,255,4,100,255,1,125,255,2,142,255,3,141,255,4,126,255,13.2229774732299,0
1,2,205809,1,98,255,2,99,255,3,100,255,4,115,255,1,142,255,2,126,255,3,141,255,4,125,255,12.7578642674763,0
1,2,205810,1,100,255,2,115,255,3,98,255,4,99,255,1,142,255,2,125,255,3,126,255,4,141,255,12.5216890411262,0
1,2,205811,1,100,255,2,99,255,3,98,255,4,115,255,1,126,255,2,142,255,3,141,255,4,125,255,11.6344211282246,0
1,2,205812,1,100,255,2,115,255,3,98,255,4,99,255,1,126,255,2,125,255,3,141,255,4,142,255,11.48025490329,0
1,2,205813,1,100,255,2,115,255,3,98,255,4,99,255,1,126,255,2,125,255,3,141,255,4,142,255,12.6064798730228,0
1,2,205814,1,100,255,2,116,255,3,98,255,4,99,255,1,141,255,2,125,255,3,126,255,4,142,255,12.455378609084,0
1,2,205815,1,100,255,2,99,255,3,115,255,4,116,255,1,141,255,2,142,255,3,125,255,4,126,255,12.3784572327739,0
1,2,205816,1,101,255,2,100,255,3,98,255,4,99,255,1,125,255,2,126,255,3,141,255,4,142,255,9.92458252092906,0
1,2,205817,1,101,255,2,100,255,3,113,255,4,99,255,1,124,255,2,125,255,3,126,255,4,141,255,11.7226880661316,0
1,2,205818,1,101,255,2,100,255,3,128,255,4,99,255,1,125,255,2,124,255,3,127,255,4,126,255,11.6015216503797,0
1,2,205819,1,101,255,2,100,255,3,128,255,4,99,255,1,124,255,2,125,255,3,127,255,4,141,255,11.7180265456804,0
1,2,205820,1,101,255,2,100,255,3,128,255,4,116,255,1,125,255,2,126,255,3,128,255,4,124,255,11.0653510666526,0
1,2,205821,1,101,255,2,100,255,3,128,255,4,116,255,1,124,255,2,141,255,3,127,255,4,125,255,10.1640399429881,0
1,2,205822,1,100,255,2,101,255,3,128,255,4,116,255,1,125,255,2,124,255,3,126,255,4,141,255,10.3958047672496,0
1,2,205823,1,100,255,2,101,255,3,128,255,4,116,255,1,125,255,2,140,255,3,126,255,4,141,255,10.2338903348171,0
1,2,205824,1,101,255,2,117,255,3,128,255,4,116,255,1,124,255,2,141,255,3,126,255,4,125,255,10.3824401780829,0
1,2,205825,1,101,255,2,100,255,3,128,255,4,116,255,1,124,255,2,141,255,3,126,255,4,125,255,9.60550204246912,0
1,2,205826,1,100,255,2,116,255,3,128,255,4,101,255,1,141,255,2,125,255,3,126,255,4,140,255,10.3870921090164,0
1,2,205827,1,101,255,2,117,255,3,128,255,4,100,255,1,141,255,2,140,255,3,126,255,4,125,255,10.387256310408,0
1,2,205828,1,101,255,2,100,255,3,128,255,4,117,255,1,124,255,2,141,255,3,126,255,4,125,255,10.4753300805466,0
1,2,205829,1,100,255,2,117,255,3,128,255,4,101,255,1,141,255,2,124,255,3,125,255,4,140,255,9.73635235351607,0
1,2,205830,1,117,255,2,100,255,3,128,255,4,101,255,1,125,255,2,141,255,3,140,255,4,124,255,10.1270012064307,0
1,2,205831,1,117,255,2,100,255,3,113,255,4,101,255,1,124,255,2,141,255,3,140,255,4,125,255,9.43796137354023,0
1,2,205832,1,100,255,2,117,255,3,113,255,4,101,255,1,141,255,2,124,255,3,140,255,4,125,255,9.54038463657885,0
1,2,205833,1,117,255,2,116,255,3,113,255,4,101,255,1,124,255,2,141,255,3,140,255,4,125,255,9.30071123826698,0
1,2,205834,1,101,255,2,117,255,3,113,255,4,100,255,1,141,255,2,142,255,3,124,255,4,140,255,9.13347712709666,0
1,2,205835,1,117,255,2,101,255,3,113,255,4,116,255,1,157,255,2,140,255,3,124,255,4,141,255,9.95106094131868,0
1,2,205836,1,101,255,2,117,255,3,113,255,4,116,255,1,142,255,2,140,255,3,124,255,4,141,255,9.61030888725887,0
1,2,205837,1,118,255,2,117,255,3,113,255,4,116,255,1,125,255,2,140,255,3,124,255,4,141,255,9.14105472355028,0
1,2,205838,1,118,255,2,117,255,3,113,255,4,116,255,1,142,255,2,140,255,3,124,255,4,141,255,9.08977284991675,0
1,2,205839,1,118,255,2,117,255,3,114,255,4,116,255,1,125,255,2,124,255,3,140,255,4,141,255,9.33448570685348,0
1,2,205840,1,118,255,2,101,255,3,115,255,4,117,255,1,125,255,2,141,255,3,140,255,4,124,255,8.99676726095018,0
1,2,205841,1,118,255,2,101,255,3,115,255,4,117,255,1,125,255,2,140,255,3,141,255,4,124,255,8.86290985690889,0
1,2,205842,1,118,255,2,117,255,3,115,255,4,102,255,1,125,255,2,124,255,3,140,255,4,141,255,8.97168151820732,0
1,2,205843,1,118,255,2,117,255,3,115,255,4,102,255,1,125,255,2,124,255,3,141,255,4,140,255,8.78490787946607,0
1,2,205844,1,117,255,2,118,255,3,115,255,4,101,255,1,140,255,2,141,255,3,125,255,4,139,255,9.01026795296762,0
1,2,205845,1,118,255,2,102,255,3,114,255,4,117,255,1,141,255,2,140,255,3,125,255,4,124,255,9.51233310902104,0
1,2,205846,1,133,255,2,117,255,3,114,255,4,118,255,1,140,255,2,139,255,3,125,255,4,123,255,9.37862895745953,0
1,2,205847,1,133,255,2,118,255,3,114,255,4,117,255,1,139,255,2,140,255,3,125,255,4,123,255,9.47244643189218,0
1,2,205848,1,133,255,2,118,255,3,114,255,4,117,255,1,138,255,2,139,255,3,125,255,4,140,255,9.43430157315306,0
1,2,205849,1,118,255,2,117,255,3,114,255,4,102,255,1,138,255,2,139,255,3,125,255,4,140,255,8.80132061040146,0
1,2,205850,1,119,255,2,118,255,3,114,255,4,117,255,1,138,255,2,139,255,3,140,255,4,123,255,8.97097430055664,0
1,2,205851,1,119,255,2,118,255,3,114,255,4,117,255,1,138,255,2,139,255,3,125,255,4,123,255,9.86701112690717,0
1,2,205852,1,119,255,2,117,255,3,97,255,4,118,255,1,138,255,2,139,255,3,125,255,4,123,255,10.2341350302392,0
1,2,205853,1,119,255,2,118,255,3,112,255,4,117,255,1,138,255,2,123,255,3,125,255,4,139,255,10.2029239816502,0
1,2,205854,1,119,255,2,118,255,3,112,255,4,117,255,1,138,255,2,123,255,3,125,255,4,139,255,10.3438621795648,0
1,2,205855,1,119,255,2,118,255,3,112,255,4,117,255,1,138,255,2,139,255,3,125,255,4,123,255,10.1286305006298,0
1,2,205856,1,119,255,2,118,255,3,112,255,4,117,255,1,138,255,2,123,255,3,124,255,4,139,255,9.60311883871117,0
1,2,205857,1,119,255,2,118,255,3,112,255,4,117,255,1,138,255,2,123,255,3,124,255,4,139,255,10.0074419929303,0
1,2,205858,1,119,255,2,118,255,3,112,255,4,117,255,1,138,255,2,139,255,3,125,255,4,124,255,10.2092762848332,0
1,2,205859,1,119,255,2,118,255,3,112,255,4,117,255,1,138,255,2,139,255,3,125,255,4,124,255,10.2193305633613,0
1,2,205860,1,119,255,2,118,255,3,97,255,4,117,255,1,138,255,2,139,255,3,125,255,4,124,255,10.4594530959968,0
1,2,205861,1,119,255,2,117,255,3,97,255,4,118,255,1,138,255,2,139,255,3,125,255,4,124,255,10.7138793167846,0
1,2,205862,1,119,255,2,117,255,3,97,255,4,118,255,1,138,255,2,139,255,3,125,255,4,124,255,11.6957078314433,0
1,2,205863,1,119,255,2,118,255,3,114,255,4,117,255,1,138,255,2,124,255,3,125,255,4,139,255,12.7735488178255,0
1,2,205864,1,119,255,2,117,255,3,114,255,4,118,255,1,138,255,2,139,255,3,125,255,4,124,255,13.396957978042,0
1,2,205865,1,119,255,2,118,255,3,113,255,4,117,255,1,138,255,2,124,255,3,125,255,4,139,255,13.7573482836411,0
1,2,205866,1,119,255,2,117,255,3,113,255,4,118,255,1,138,255,2,139,255,3,125,255,4,124,255,13.3987158268186,0
1,2,205867,1,119,255,2,117,255,3,128,255,4,118,255,1,138,255,2,139,255,3,125,255,4,124,255,13.8028497974074,0
1,2,205868,1,119,255,2,118,255,3,113,255,4,117,255,1,138,255,2,124,255,3,125,255,4,139,255,12.9662766496213,0
1,2,205869,1,119,255,2,117,255,3,114,255,4,118,255,1,138,255,2,139,255,3,125,255,4,124,255,13.000389820754,0
1,2,205870,1,119,255,2,117,255,3,114,255,4,118,255,1,138,255,2,123,255,3,125,255,4,139,255,13.1421504328302,0
1,2,205871,1,119,255,2,118,255,3,114,255,4,117,255,1,138,255,2,139,255,3,125,255,4,123,255,13.3444212045546,0
1,2,205872,1,119,255,2,117,255,3,114,255,4,118,255,1,139,255,2,123,255,3,125,255,4,138,255,13.2325344680966,0
1,2,205873,1,119,255,2,118,255,3,114,255,4,117,255,1,139,255,2,138,255,3,125,255,4,123,255,12.9696790614687,0
1,2,205874,1,119,255,2,117,255,3,114,255,4,118,255,1,139,255,2,123,255,3,125,255,4,138,255,12.371021170291,0
1,2,205875,1,118,255,2,117,255,3,114,255,4,102,255,1,139,255,2,123,255,3,125,255,4,138,255,12.5032687086747,0
1,2,205876,1,118,255,2,117,255,3,114,255,4,102,255,1,139,255,2,123,255,3,125,255,4,138,255,12.322685784746,0
1,2,205877,1,118,255,2,117,255,3,98,255,4,102,255,1,139,255,2,123,255,3,124,255,4,138,255,11.9668086704973,0
1,2,205878,1,118,255,2,102,255,3,98,255,4,117,255,1,139,255,2,138,255,3,124,255,4,123,255,11.2354697252579,0
1,2,205879,1,117,255,2,101,255,3,97,255,4,118,255,1,138,255,2,139,255,3,124,255,4,123,255,11.1818499494975,0
1,2,205880,1,117,255,2,101,255,3,97,255,4,118,255,1,138,255,2,139,255,3,124,255,4,123,255,10.7452653152175,0
1,2,205881,1,118,255,2,102,255,3,97,255,4,117,255,1,139,255,2,138,255,3,124,255,4,140,255,9.09535561709515,0
1,2,205882,1,117,255,2,118,255,3,97,255,4,102,255,1,138,255,2,155,255,3,124,255,4,139,255,9.17514823604098,0
1,2,205883,1,118,255,2,102,255,3,97,255,4,101,255,1,138,255,2,155,255,3,124,255,4,139,255,5.20063467716661,0
1,2,205884,1,117,255,2,102,255,3,97,255,4,118,255,1,139,255,2,138,255,3,124,255,4,155,255,10.6089352539055,0
1,2,205885,1,118,255,2,117,255,3,97,255,4,102,255,1,155,255,2,139,255,3,124,255,4,138,255,10.8823910345122,0
1,2,205886,1,118,255,2,101,255,3,97,255,4,117,255,1,155,255,2,139,255,3,124,255,4,138,255,10.726592038525,0
1,2,205887,1,118,255,2,101,255,3,97,255,4,117,255,1,155,255,2,139,255,3,124,255,4,138,255,10.2847439912739,0
1,2,205888,1,101,255,2,118,255,3,98,255,4,102,255,1,139,255,2,155,255,3,124,255,4,138,255,10.7025135033341,0
1,2,205889,1,101,255,2,118,255,3,98,255,4,102,255,1,139,255,2,155,255,3,124,255,4,138,255,10.9926322885709,0
1,2,205890,1,117,255,2,118,255,3,98,255,4,101,255,1,140,255,2,138,255,3,124,255,4,139,255,10.9019861571219,0
1,2,205891,1,101,255,2,118,255,3,98,255,4,117,255,1,139,255,2,138,255,3,124,255,4,123,255,10.8641413672603,0
1,2,205892,1,101,255,2,118,255,3,97,255,4,117,255,1,139,255,2,138,255,3,124,255,4,123,255,10.7158987927782,0
1,2,205893,1,117,255,2,118,255,3,97,255,4,102,255,1,139,255,2,123,255,3,125,255,4,138,255,10.2414808277983,0
1,2,205894,1,117,255,2,118,255,3,97,255,4,102,255,1,139,255,2,138,255,3,125,255,4,123,255,10.4839181963318,0
1,2,205895,1,102,255,2,117,255,3,97,255,4,118,255,1,139,255,2,123,255,3,125,255,4,138,255,10.6607931452269,0
1,2,205896,1,101,255,2,117,255,3,114,255,4,118,255,1,139,255,2,123,255,3,126,255,4,138,255,10.4750816708092,0
